id,name_kor,description_kor,elements,partnerSkill_name,partnerSkill_describe,partnerSkill_needItem,partnerSkill_needItemTechLevel,partnerSkill_level,stats_size,stats_rarity,stats_health,stats_food,stats_meleeAttack,stats_attack,stats_defense,stats_workSpeed,stats_support,stats_captureRateCorrect,stats_maleProbability,stats_combiRank,stats_goldCoin,stats_egg,stats_code,movement_slowWalkSpeed,movement_walkSpeed,movement_runSpeed,movement_rideSprintSpeed,movement_transportSpeed,level60_health,level60_attack,level60_defense,activeSkills,activeSkills_count,passiveSkills,passiveSkills_count,drops,drops_count,workSuitabilities,workSuitabilities_count,tribes,tribes_count,spawners,spawners_count
1,도로롱,언덕길을 걷다 저 혼자 데굴데굴 구른다. 결국 눈이 핑핑 돌아 몸을 못 가눌 때 간단히 처치할 수 있는 먹이 사슬의 최하층이다.,무속성,복슬복슬 방패,발동하면 방패로 변하여 플레이어에게 장착된다.,,0,1,XS,1,70,150,70,70,70,100,100,1.5,50,1470,1000,평범한 알,SheepBall,23,40,400,550,160,3100,441,391,"데굴데굴 솜사탕(무속성, 35파워, 1초) | 공기 대포(무속성, 25파워, 2초)",2,,0,"양털(1–3, 100%) | 도로롱의 양고기(1, 100%)",2,수작업(LV.1) | 운반(LV.1) | 목장(LV.1),3,커다란 털 뭉치 도로롱 | 도로롱,2,"도로롱(Lv. 1–3, 1_1_plain_begginer) | 도로롱(Lv. 1–4, 1_2_plain_grass)",2
2,까부냥,얼핏 보기엔 당당하지만 실은 대단한 겁쟁이다. 까부냥이(가) 핥아준다는 건 어떤 의미에선 최고의 굴욕이다.,무속성,고양이 손 빌리기,보유하고 있는 동안 까부냥이(가) 짐을 대신 짊어져 플레이어의 소지 중량 제한이 증가한다.,,0,1,XS,1,70,150,70,70,70,100,100,1.5,50,1460,1000,평범한 알,PinkCat,30,60,400,550,160,3100–3782,441–543,391–493,"냥냥 펀치(무속성, 40파워, 1초) | 공기 대포(무속성, 25파워, 2초) | 모래 돌풍(땅 속성, 40파워, 4초) | 파워 샷(무속성, 35파워, 4초) | 바람의 칼날(풀 속성, 30파워, 2초) | 씨앗 기관총(풀 속성, 50파워, 9초) | 팰 폭발(무속성, 150파워, 55초)",7,겁쟁이,1,"빨간 열매(1, 100%)",1,수작업(LV.1) | 채집(LV.1) | 채굴(LV.1) | 운반(LV.1),4,잘난 척 대마왕 까부냥 | 까부냥,2,"까부냥(Lv. 1–3, 1_1_plain_begginer) | 까부냥(Lv. 3–5, 1_3_plain_kitsunbi) | 까부냥(Lv. 2–5, PvP_21_1_1) | 까부냥(Lv. 2–5, PvP_21_2_1) | 잘난 척 대마왕 까부냥(Lv. 10–13, 구릉 동굴, 외딴 섬의 동굴)",5
3,꼬꼬닭,너무나 약하고 또 너무나 맛있다. 도로롱과 함께 최약체를 담당한다. 많이 잡았다 싶으면 또 어디선가 튀어나온다.,무속성,알 생산,가축 목장에 배치하면 가끔씩 알을(를) 낳기도 한다.,,0,1,XS,1,60,100,70,60,60,100,70,1.5,50,1500,1000,평범한 알,ChickenPal,50,50,375,550,212,2775 – 3360,392 – 480,342 – 430,"치킨 태클(무속성, 30파워, 1초)",1,,0,"알(1, 100%) | 꼬꼬닭의 닭고기(1, 100%)",2,채집(LV.1) | 목장(LV.1),2,퉁퉁한 몸집의 꼬꼬닭 | 꼬꼬닭,2,"꼬꼬닭(Lv. 1–3, 1_1_plain_begginer) | 꼬꼬닭(Lv. 3–5, 1_3_plain_kitsunbi)",2
4,큐룰리스,5~7세 정도의 지능이 있다. 파트너용이지만 무기 쓰는 법을 배운 개체가 주인을 살해한 기록도 일부 존재한다.,풀 속성,큐룰리스 리코일,발동하면 플레이어의 머리 위에 올라 공격에 맞춰 기관단총으로 추격한다.,기술11,11,1,XS,1,75,100,70,70,70,100,100,0.9,50,1430,1010,신록의 알,Carbunclo,20,40,400,550,250,3262 – 3993,441 – 543,391 – 493,"바람의 칼날(풀 속성, 30파워, 2초) | 공기 대포(무속성, 25파워, 2초) | 파워 샷(무속성, 35파워, 4초) | 씨앗 기관총(풀 속성, 50파워, 9초) | 파워 폭탄(무속성, 70파워, 15초) | 가시덩굴(풀 속성, 95파워, 25초) | 태양 폭발(풀 속성, 150파워, 55초)",7,,0,"열매 씨(1, 100%) | 하급 의약품(1, 20%)",2,파종(LV.1) | 수작업(LV.1) | 채집(LV.1) | 벌목(LV.1) | 제약(LV.1),5,초원의 제일가는 겁쟁이 큐룰리스 | 큐룰리스,2,"큐룰리스(Lv. 3–5, 1_2_plain_grass) | 큐룰리스(Lv. 3–6, 1_4_plain_fox) | 큐룰리스(Lv. 7–11, 1_6_plain_Kirin) | 큐룰리스(Lv. 2–5, PvP_21_1_1) | 초원의 제일가는 겁쟁이 큐룰리스(Lv. 10–13, 구릉 동굴, 외딴 섬의 동굴) | 큐룰리스(Lv. 6–9, 구릉 동굴, 외딴 섬의 동굴)",6
5,파이호,태어난 직후엔 불을 잘 못 다뤄서 걸핏하면 불을 뿜다가 숨이 탁 막힌다. 파이호의 재채기는 산림 화재의 원인이 된다.,화염 속성,포옹 파이어,발동하면 화염방사기로 변하여 플레이어에게 장착된다.,기술6,6,1,XS,1,65,150,70,75,70,100,100,1.1,50,1400,1040,열기 나는 알,Kitsunebi,40,80,400,550,240,2937 – 3571,465 – 575,391 – 493,"파이어 샷(화염 속성, 30파워, 2초) | 모래 돌풍(땅 속성, 40파워, 4초) | 스피릿 파이어(화염 속성, 45파워, 7초) | 불화살(화염 속성, 55파워, 10초) | 파이어 브레스(화염 속성, 70파워, 15초) | 유령의 불꽃(어둠 속성, 75파워, 16초) | 화염구(화염 속성, 150파워, 55초)",7,,0,"가죽(1, 100%) | 발화 기관(1–2, 100%)",2,불 피우기(LV.1),1,여로를 비추는 등불 파이호 | 파이호,2,"파이호(Lv. 3–6, 1_3_plain_kitsunbi) | 파이호(Lv. 2–5, PvP_21_2_1) | 여로를 비추는 등불 파이호(Lv. 10–13, 구릉 동굴, 외딴 섬의 동굴) | 파이호(Lv. 6–9, 구릉 동굴, 외딴 섬의 동굴) | 파이호(Lv. 9–11, 3_4_volcano_1)",5
5B,아이호,태어난 직후엔 냉기를 잘 못 다뤄서 걸핏하면 냉기를 뿜다가 숨이 탁 막힌다. 감기에 걸리면 콧물이 어는 바람에 숨이 가빠진다.,얼음 속성,포옹 프로스트,발동하면 플레이어에게 장착되어 냉기를 방출해 공격할 수 있다.,기술24,24,1,XS,1,65,150,70,80,70,100,100,1.1,50,1305,1410,얼어붙은 알,Kitsunebi_Ice,40,80,400,550,240,2937 – 3571,490 – 607,391 – 493,Lv1 얼음 미사일 (위력:30) | Lv15 얼음 칼날 (위력:55),2,,0,가죽 x1–2 (100%) | 빙결 기관 x1–3 (100%),2,냉각 LV.1,1,여로를 수놓는 얼음꽃 아이호 (Tribe Boss) | 아이호 (Tribe Normal),2,Lv52–55 yamijima_7_2_DarkArea,1
6,청부리,자신이 탄생한 물에선 어디든지 물결을 일으킨다. 급할 때는 몸으로 물살을 타고 이동한다. 기운이 넘쳐 종종 벽에 부딪혀 죽는다.,물 속성,서핑 태클,발동하면 청부리이(가) 적을 향해 보디 서핑을 하며 달려든다.,,0,1,XS,1,60,150,80,80,60,100,100,1.1,50,1330,1120,축축한 알,BluePlatypus,70,105,300,400,202,2775 – 3360,490 – 607,342 – 430,"아쿠아 샷(물 속성, 40파워, 4초) | 파워 샷(무속성, 35파워, 4초) | 워터 제트(물 속성, 30파워, 2초) | 얼음 미사일(얼음 속성, 30파워, 3초) | 버블 샷(물 속성, 65파워, 13초) | 물폭탄(물 속성, 100파워, 30초) | 하이드로 스트림(물 속성, 150파워, 55초)",7,,0,"가죽(1, 100%) | 팰의 체액(1, 100%)",2,관개(LV.1) | 수작업(LV.1) | 운반(LV.1),3,장난기 많은 파도 타는 승려 청부리 | 청부리,2,"청부리(Lv. 3–6, 1_4_plain_fox) | 청부리(Lv. 10–13, 1_9_plain_SweetsSheep) | 청부리(Lv. 2–5, PvP_21_1_1) | 장난기 많은 파도 타는 승려 청부리(Lv. 10–13, 구릉 동굴, 외딴 섬의 동굴) | 청부리(Lv. 6–9, 구릉 동굴, 외딴 섬의 동굴)",5
6B,적부리,배의 마찰력이 아주 강한 탓에 보디 서핑을 하면 불이 붙을 정도다. 너무 신나게 미끄러지다 간혹 불덩이가 되기도 한다.,물 속성|화염 속성,파이어 태클,발동하면 적부리이(가) 적을 향해 파이어 서핑을 하며 달려든다.,,0,1,XS,2,60,150,100,85,60,100,100,1.1,50,1290,1340,축축한 알,BluePlatypus_Fire,70,105,300,400,202,2775 – 3360,514 – 638,342 – 430,Lv1 파이어 샷 (위력:30) | Lv15 버블 샷 (위력:65),2,,0,가죽 x1 (100%) | 팰의 체액 x1 (100%) | 발화 기관 x1–2 (50%),3,불 피우기 LV.1 | 관개 LV.1 | 수작업 LV.1 | 운반 LV.1,4,폭주 중인 파도 타는 꼬맹이 적부리 (Tribe Boss) | 적부리 (Tribe Normal),2,Lv16–27 커다란 낚시터 Medium 8.72%,1
7,번개냥,건기엔 신경질적이어서 항상 까칠하다. 같은 무리끼리의 사소한 충돌도 우당탕탕 큰 싸움으로 번진다.,번개 속성,정전기,보유하고 있는 동안 번개 속성 팰의 공격력이 증가한다.,,0,1,XS,1,60,150,60,75,70,100,80,1.1,50,1410,1030,찌릿찌릿한 알,ElecCat,40,80,350,500,270,2775 – 3360,465 – 575,391 – 493,"스파크 샷(번개 속성, 30파워, 2초) | 모래 돌풍(땅 속성, 40파워, 4초) | 전기 파장(번개 속성, 40파워, 4초) | 번개 구체(번개 속성, 50파워, 9초) | 트라이 썬더(번개 속성, 90파워, 22초) | 라인 썬더(번개 속성, 75파워, 16초) | 전기 볼트(번개 속성, 150파워, 55초)",7,,0,"발전 기관(1–2, 100%)",1,발전(LV.1) | 수작업(LV.1) | 운반(LV.1),3,장난기 많은 얼룩 고양이 번개냥 | 번개냥,2,"번개냥(Lv. 3–6, 1_4_plain_fox) | 번개냥(Lv. 14–17, 1_8_plain_dessert)",2
8,몽지,예전엔 나뭇가지처럼 가늘고 긴 물건을 무기로 삼았다. 인간과 엮이며 그런 무기는 쓰지 않게 됐다. 대신 가늘고 길며 더 효율적인 '총기'를 찾았다.,풀 속성,신난 소총,발동하면 일정 시간 몽지이(가) 근처 적에게 돌격 소총을 난사한다.,기술12,12,1,XS,1,80,150,100,70,70,100,100,1.1,50,1250,1280,신록의 알,Monkey,48,48,300,400,174,3425 – 4205,441 – 543,391 – 493,"바람의 칼날(풀 속성, 30파워, 2초) | 모래 돌풍(땅 속성, 40파워, 4초) | 씨앗 기관총(풀 속성, 50파워, 9초) | 씨앗 지뢰(풀 속성, 65파워, 13초) | 바위 대포(땅 속성, 70파워, 15초) | 초록 폭풍(풀 속성, 80파워, 18초) | 태양 폭발(풀 속성, 150파워, 55초)",7,,0,"버섯(1, 100%)",1,파종(LV.1) | 수작업(LV.1) | 채집(LV.1) | 벌목(LV.1) | 운반(LV.1),5,금손을 가진 몽지 | 몽지,2,"몽지(Lv. 3–5, 1_2_plain_grass) | 몽지(Lv. 3–6, 1_5_plain_pachiguri) | 몽지(Lv. 2–5, PvP_21_2_1) | 금손을 가진 몽지(Lv. 10–13, 구릉 동굴, 외딴 섬의 동굴) | 몽지(Lv. 6–9, 구릉 동굴, 외딴 섬의 동굴)",5
9,불꽃밤비,야생 불꽃밤비은(는) 놀라울 정도로 건강을 잘 지킨다. 하루에 하나씩 가지를 태워 만든 숯을 먹는 것이 영원한 건강의 비결이라고 한다.,화염 속성,작은 불씨,보유하고 있는 동안 화염 속성 팰의 공격력이 증가한다.,,0,1,S,2,75,225,100,70,75,100,100,1.1,50,1155,2950,열기 나는 알,FlameBambi,70,100,400,550,-1,3262 – 3993,441 – 543,415 – 525,"파이어 샷(화염 속성, 30파워, 2초) | 파워 샷(무속성, 35파워, 4초) | 스피릿 파이어(화염 속성, 45파워, 7초) | 불화살(화염 속성, 55파워, 10초) | 화염 폭풍(화염 속성, 80파워, 18초) | 인페르노(화염 속성, 120파워, 40초) | 화염구(화염 속성, 150파워, 55초)",7,,0,"발화 기관(2–3, 100%) | 가죽(1, 100%)",2,불 피우기(LV.1),1,무리의 우두머리 불꽃밤비 | 불꽃밤비,2,"불꽃밤비(Lv. 2–5, PvP_21_1_1) | 무리의 우두머리 불꽃밤비(Lv. 10–13, 구릉 동굴, 외딴 섬의 동굴) | 불꽃밤비(Lv. 6–9, 구릉 동굴, 외딴 섬의 동굴) | 불꽃밤비(Lv. 9–11, 3_4_volcano_1)",4
10,펭키,날개가 완전히 퇴화해 날 수 없다. 대신 유전자에 새겨진 하늘을 향한 미련이 있어 어떻게든 다시 날아오르려고 한다.,물 속성|얼음 속성,펭키 발사기,발동하면 로켓 발사기을(를) 장착하여 펭키을(를) 탄환 삼아 발사한다. 착탄하여 폭발하면 펭키이(가) 빈사 상태가 된다.,기술17,17,1,XS,1,70,150,70,75,70,100,100,0.9,50,1350,1080,축축한 알,Penguin,30,60,500,650,265,3100 – 3782,465 – 575,391 – 493,"얼음 미사일(얼음 속성, 30파워, 3초) | 워터 제트(물 속성, 30파워, 2초) | 아쿠아 샷(물 속성, 40파워, 4초) | 얼음 칼날(얼음 속성, 55파워, 10초) | 빙산(얼음 속성, 70파워, 15초) | 눈보라 스파이크(얼음 속성, 130파워, 45초) | 하이드로 스트림(물 속성, 150파워, 55초)",7,,0,"빙결 기관(1–2, 100%) | 팰의 체액(1, 100%)",2,관개(LV.1) | 수작업(LV.1) | 냉각(LV.1) | 운반(LV.1),4,과식한 펭키 | 펭키,2,"펭키(Lv. 10–12, World Map 311,-13) | 펭키(Lv. 3–6, 1_3_plain_kitsunbi) | 펭키(Lv. 2–4, 1_3_water) | 펭키(Lv. 9–12, 1_12_plain_BossTower) | 펭키(Lv. 30–34, snow_5_2_SnowGrass) | 과식한 펭키(Lv. 10–13, 구릉 동굴, 외딴 섬의 동굴)",6
10B,뎅키,날개가 완전히 퇴화해 날 수 없다. 하늘을 향한 미련은 어느덧 질투로 변화하여 하늘을 나는 모든 것을 격추할 전기의 힘을 얻게 되었다!,물 속성|번개 속성,뎅키 발사기,발동하면 로켓 발사기을(를) 장착하여 뎅키을(를) 탄환 삼아 발사한다. 착탄하여 폭발하면 뎅키이(가) 빈사 상태가 된다.,기술39,39,1,XS,2,70,150,100,80,70,100,100,0.9,50,1310,1290,축축한 알,Penguin_Electric,30,60,500,650,265,3100 – 3782,490 – 607,391 – 493,Lv1 번개 창 (위력:30) | Lv15 버블 샷 (위력:65),2,,0,발전 기관 x1–2 (100%) | 팰의 체액 x1 (100%),2,관개 LV.1 | 발전 LV.2 | 수작업 LV.1 | 운반 LV.1,4,과음한 뎅키 (Tribe Boss) | 뎅키 (Tribe Normal),2,Lv16–27 커다란 낚시터 Medium 9.96%,1
11,펭킹,사실 펭키와 아무 연관도 없는 종. 멋대로 상전 대접을 받은 터라 일단 열심히 뻗대고 보고 있다.,물 속성|얼음 속성,용감한 바다의 전사,함께 싸우는 동안 화염 속성 팰을 쓰러뜨렸을 때 드롭 아이템 획득량이 증가한다.,,0,1,L,6,95,525,70,95,95,100,100,1.0,50,520,5410,축축한 대형 알,CaptainPenguin,50,110,450,600,280,3912-4838,563-702,513-652,"Lv.1 아쿠아 샷(물 속성, 40파워, 4초) | Lv.7 빙산(얼음 속성, 70파워, 15초) | Lv.15 캡틴 슬라이딩(얼음 속성, 70파워, 10초) | Lv.22 서리 낀 입김(얼음 속성, 90파워, 22초) | Lv.30 물폭탄(물 속성, 100파워, 30초) | Lv.40 눈보라 스파이크(얼음 속성, 130파워, 45초) | Lv.50 하이드로 스트림(물 속성, 150파워, 55초)",7,,0,"빙결 기관(1-3, 100%) | 펭킹 날개 장식(1, 50%)",2,관개(LV.2) | 수작업(LV.2) | 채굴(LV.2) | 냉각(LV.2) | 운반(LV.2),5,얼어붙은 바다의 개척자 펭킹(Tribe Boss) | 펭킹(Tribe Normal),2,"얼어붙은 바다의 개척자 펭킹(Lv.15-15, World Map 311,-13) | 펭킹(Lv.18-22, 제1 사냥 금지 구역) | 펭킹(Lv.11-18, 낚시터 Small 4.95%)",3
11B,펭키드,수중 사냥에 도움이 되도록 전기의 힘을 얻어 색이 변화했으며 그 결과 펭키의 충성을 잃고 말았다. 그러나 어째서인지는 몰라도 이번에는 뎅키의 충성을 얻게 되었다.,물 속성|번개 속성,불굴의 전격 수장,함께 싸우는 동안 물 속성 팰을 쓰러뜨렸을 때 드롭 아이템 획득량이 증가한다.,,0,1,L,7,100,525,100,100,100,100,100,1.0,50,490,6490,축축한 대형 알,CaptainPenguin_Black,50,110,450,600,280,4075-5050,587-733,537-683,"Lv.1 번개 창(번개 속성, 30파워, 2초) | Lv.7 플라즈마 토네이도(번개 속성, 65파워, 13초) | Lv.15 버블 샷(물 속성, 65파워, 13초) | Lv.22 트라이 스파크(번개 속성, 110파워, 35초) | Lv.30 썬더 슬라이딩(번개 속성, 145파워, 35초) | Lv.40 아쿠아 서지(물 속성, 160파워, 56초) | Lv.50 번개 폭풍(번개 속성, 160파워, 60초)",7,,0,"발전 기관(1-3, 100%) | 펭킹 날개 장식(1, 50%)",2,관개(LV.2) | 발전(LV.2) | 수작업(LV.2) | 채굴(LV.2) | 운반(LV.2),5,까마득한 어둠의 개척자 펭키드(Tribe Boss) | 펭키드(Tribe Normal),2,"펭키드(Lv.21-34, 커다란 낚시터 Big 8.57%)",1
12,찌릿도치,"충격을 받으면 모았던 전기를 방출한다. 그 전압은 1,000만 볼트가 넘는다. 던지면 어설픈 중화기보다 더 위험하다.",번개 속성,찌르르 폭탄,발동하면 찌릿도치을 손에 장착하며 적에게 던져 착탄할 시 번개 폭발을 일으킨다.,찌릿도치 장갑,8,1,XS,1,70,150,70,75,70,100,100,1.2,50,1370,1060,찌릿찌릿한 알,Hedgehog,30,60,400,550,215,3100-3782,465-575,391-493,"Lv.1 전기 파장(번개 속성, 40파워, 4초) | Lv.7 파워 샷(무속성, 35파워, 4초) | Lv.15 번개 구체(번개 속성, 50파워, 9초) | Lv.22 파워 폭탄(무속성, 70파워, 15초) | Lv.30 트라이 썬더(번개 속성, 90파워, 22초) | Lv.40 라인 썬더(번개 속성, 75파워, 16초) | Lv.50 전기 볼트(번개 속성, 150파워, 55초)",7,,0,"발전 기관(1, 100%)",1,발전(LV.1),1,부딪치면 위험! 찌릿도치(Tribe Boss) | 찌릿도치(Tribe Normal) | 코치도치(Variant),3,"찌릿도치(Lv.3-6, 1_5_plain_pachiguri) | 부딪치면 위험! 찌릿도치(Lv.10-13, 구릉 동굴, 외딴 섬의 동굴) | 찌릿도치(Lv.6-9, 구릉 동굴, 외딴 섬의 동굴)",3
12B,코치도치,충격을 받으면 모았던 냉기를 방출한다. 방사상에 퍼진 냉기는 대기를 꽁꽁 얼려 습격해온 상대의 몸을 꿰뚫는다.,얼음 속성,딱딱 폭탄,발동하면 코치도치을 손에 장착하며 적에게 던져 착탄할 시 얼음 폭발을 일으킨다.,코치도치 장갑,11,1,XS,2,70,150,70,75,80,100,100,1.0,50,1360,1070,얼어붙은 알,Hedgehog_Ice,30,60,400,550,215,3100-3782,465-575,440-557,"Lv.1 얼음 미사일(얼음 속성, 30파워, 3초) | Lv.7 파워 샷(무속성, 35파워, 4초) | Lv.15 빙산(얼음 속성, 70파워, 15초) | Lv.22 파워 폭탄(무속성, 70파워, 15초) | Lv.30 얼음 칼날(얼음 속성, 55파워, 10초) | Lv.40 서리 낀 입김(얼음 속성, 90파워, 22초) | Lv.50 눈보라 스파이크(얼음 속성, 130파워, 45초)",7,,0,"빙결 기관(1, 100%)",1,냉각(LV.1),1,밟으면 위험! 코치도치(Tribe Boss) | 코치도치(Tribe Normal) | 찌릿도치(Variant),3,"코치도치(Lv.1-10, Captured Cage: Grass) | 코치도치(Lv.10-20, Captured Cage: Grass2)",2
13,초롱이,수액 같은 몸을 가진 신기한 팰. 뒤집어쓸 게 없으면 서서히 말라가다가 결국 썩어서 없어진다.,"풀,땅",나무꾼의 지원,보유하고 있는 동안 플레이어가 벌목할 때 피해량이 증가한다.,,0,1,XS,1,70,100,100,70,70,100,100,1.3,50,1240,1310,신록의 알,PlantSlime,50,50,300,400,175,3100-3782,441-543,391-493,"Lv.1 모래 돌풍(땅 속성, 40파워, 4초) | Lv.7 바람의 칼날(풀 속성, 30파워, 2초) | Lv.15 바위 폭발(땅 속성, 55파워, 10초) | Lv.22 씨앗 기관총(풀 속성, 50파워, 9초) | Lv.30 씨앗 지뢰(풀 속성, 65파워, 13초) | Lv.40 모래 폭풍(땅 속성, 80파워, 18초) | Lv.50 태양 폭발(풀 속성, 150파워, 55초)",7,,0,"열매 씨(1, 100%) | 초롱이 잎사귀(1, 50%)",2,파종(LV.1),1,갑자기 변이한 초롱이 | 초롱이,2,"초롱이(Lv. 3-5, 1_3_plain_kitsunbi) | 초롱이(Lv. 12-14, 1_15_plain_mopking) | 초롱이(Lv. 2-5, PvP_21_1_1) | 갑자기 변이한 초롱이(Lv. 10-13, 구릉 동굴, 외딴 섬의 동굴) | 초롱이(Lv. 6-9, 구릉 동굴, 외딴 섬의 동굴)",5
13B,초롱이,수액 같은 몸을 가진 신기한 팰. 뒤집어쓸 게 없으면 서서히 말라가다가 결국 썩어서 없어진다.,"풀,땅",나무꾼의 지원,보유하고 있는 동안 플레이어가 벌목할 때 피해량이 증가한다.,,0,1,XS,10,70,100,100,70,70,100,100,1.3,50,1240,1310,신록의 거대한 알,PlantSlime_Flower,50,50,300,400,175,3100-3782,441-543,391-493,"Lv.1 모래 돌풍(땅 속성, 40파워, 4초) | Lv.7 바람의 칼날(풀 속성, 30파워, 2초) | Lv.15 바위 폭발(땅 속성, 55파워, 10초) | Lv.22 씨앗 기관총(풀 속성, 50파워, 9초) | Lv.30 씨앗 지뢰(풀 속성, 65파워, 13초) | Lv.40 모래 폭풍(땅 속성, 80파워, 18초) | Lv.50 태양 폭발(풀 속성, 150파워, 55초)",7,,0,"열매 씨(1, 100%) | 예쁜 꽃(3, 100%) | 초롱이 잎사귀(1, 50%)",3,파종(LV.1),1,갑자기 변이한 초롱이 | 초롱이,2,"초롱이(Lv. 3-5, 1_3_plain_kitsunbi) | 초롱이(Lv. 12-14, 1_15_plain_mopking) | 초롱이(Lv. 2-5, PvP_21_1_1)",3
14,미호,팰파고스섬의 아이돌. 미호를 괴롭히면 전 세계가 적으로 돌변한다.,무속성,여기를 파자,가축 목장에 배치하면 지면에서 아이템을 파내기도 한다.,,0,1,XS,2,70,100,70,70,70,100,140,1.3,50,1450,1000,평범한 알,CuteFox,30,60,350,450,190,3100-3782,441-543,391-493,"Lv.1 공기 대포(무속성, 25파워, 2초) | Lv.7 모래 돌풍(땅 속성, 40파워, 4초) | Lv.15 파워 샷(무속성, 35파워, 4초) | Lv.22 바람의 칼날(풀 속성, 30파워, 2초) | Lv.30 씨앗 기관총(풀 속성, 50파워, 9초) | Lv.40 파워 폭탄(무속성, 70파워, 15초) | Lv.50 팰 폭발(무속성, 150파워, 55초)",7,,0,"가죽(1, 100%) | 뼈(1, 100%)",2,채집(LV.1) | 목장(LV.1),2,초원의 아이돌 미호 | 미호,2,"미호(Lv. 3-6, 1_4_plain_fox) | 초원의 아이돌 미호(Lv. 10-13, 구릉 동굴, 외딴 섬의 동굴) | 미호(Lv. 6-9, 구릉 동굴, 외딴 섬의 동굴) | 미호(Lv. 1-10, Captured Cage: Grass) | 미호(Lv. 15-25, Captured Cage: Forest1)",5
15,아테노울,"근심에 잠기는 경우가 많아 머릿속이 복잡해 잠을 잘 자지 못한다. '나는 생각한다, 고로 존재한다'",어둠,어둠의 예지,보유하고 있는 동안 어둠 속성 팰의 공격력이 증가한다.,,0,1,XS,1,70,225,70,70,80,100,100,1.0,50,1390,1050,암흑의 알,WizardOwl,26,70,380,550,225,3100-3782,441-543,440-557,"Lv.1 공기 대포(무속성, 25파워, 2초) | Lv.7 암흑구(어둠 속성, 40파워, 4초) | Lv.15 그림자 폭발(어둠 속성, 55파워, 10초) | Lv.22 모래 폭풍(땅 속성, 80파워, 18초) | Lv.30 유령의 불꽃(어둠 속성, 75파워, 16초) | Lv.40 악몽의 구체(어둠 속성, 100파워, 30초) | Lv.50 어둠의 레이저(어둠 속성, 150파워, 55초)",7,,0,"섬유(5-10, 100%) | 고도의 기술서(1, 1%)",2,채집(LV.1),1,지혜의 전도사 아테노울 | 아테노울,2,"아테노울(Lv. 4-7, 1_1_plain_begginer) | 아테노울(Lv. 3-6, 1_2_plain_grass) | 아테노울(Lv. 3-6, 1_3_plain_kitsunbi) | 아테노울(Lv. 3-6, 1_4_plain_fox) | 아테노울(Lv. 3-7, 1_5_plain_pachiguri) | 아테노울(Lv. 3-7, 1_3_water) | 아테노울(Lv. 11-12, 1_3_water) | 아테노울(Lv. 8-12, 1_6_plain_Kirin) | 아테노울(Lv. 13-14, 1_7_plain_Pekodon) | 아테노울(Lv. 3-7, PvP_21_1_1) | 지혜의 전도사 아테노울(Lv. 10-13, 구릉 동굴, 외딴 섬의 동굴) | 아테노울(Lv. 6-9, 구릉 동굴, 외딴 섬의 동굴)",12
16,차코리,코로 추정되는 기관에서 대량의 물이 나오는데 그냥 콧물이라는 지적도 있다. 연구자들 사이에 열띤 토론이 한창이다.,물,치유의 샤워,발동하면 상처에 잘 듣는 신비한 물을 뿜어 플레이어의 HP를 회복한다.,,0,1,M,1,70,150,70,60,70,100,100,1.3,50,1490,1000,축축한 알,Ganesha,30,60,300,400,180,3100-3782,392-480,391-493,"Lv.1 아쿠아 샷(물 속성, 40파워, 4초) | Lv.7 워터 제트(물 속성, 30파워, 2초) | Lv.15 모래 돌풍(땅 속성, 40파워, 4초) | Lv.22 버블 샷(물 속성, 65파워, 13초) | Lv.30 산성비(물 속성, 80파워, 18초) | Lv.40 물폭탄(물 속성, 100파워, 30초) | Lv.50 하이드로 스트림(물 속성, 150파워, 55초)",7,,0,"팰의 체액(1, 100%)",1,관개(LV.1),1,편리한 물뿌리개 차코리 | 차코리,2,"차코리(Lv. 1-4, 1_2_plain_grass) | 차코리(Lv. 2-4, 1_3_water) | 차코리(Lv. 2-5, PvP_21_2_1) | 편리한 물뿌리개 차코리(Lv. 10-13, 구릉 동굴, 외딴 섬의 동굴) | 차코리(Lv. 6-9, 구릉 동굴, 외딴 섬의 동굴) | 차코리(Lv. 15-25, Captured Cage: Forest1)",6
17,뚱코알라,눈빛이 안 좋아 친구는 적지만 마음은 따뜻하다. 무리와 떨어진 미호에게 먹이를 나눠주는 모습이 목격되고 있다.,어둠,카페인 수혈,발동하면 뚱코알라가 자양강장제를 대량 섭취하여 일정 시간 뚱코알라의 이동 속도가 크게 증가한다.,,0,1,XS,1,70,150,70,70,70,100,100,1.0,50,1380,1050,암흑의 알,NegativeKoala,20,20,300,400,100,3100-3782,441-543,391-493,"Lv.1 독 사격(어둠 속성, 30파워, 2초) | Lv.7 모래 돌풍(땅 속성, 40파워, 4초) | Lv.15 암흑구(어둠 속성, 40파워, 4초) | Lv.22 얼음 미사일(얼음 속성, 30파워, 3초) | Lv.30 그림자 폭발(어둠 속성, 55파워, 10초) | Lv.40 악몽의 구체(어둠 속성, 100파워, 30초) | Lv.50 어둠의 레이저(어둠 속성, 150파워, 55초)",7,,0,"독샘(2-3, 100%)",1,수작업(LV.1) | 채굴(LV.1) | 운반(LV.1),3,3일 밤을 뜬 눈으로 지샌 뚱코알라 | 뚱코알라,2,"뚱코알라(Lv. 3-6, 1_2_plain_grass) | 뚱코알라(Lv. 3-6, 1_3_plain_kitsunbi) | 뚱코알라(Lv. 3-6, 1_4_plain_fox) | 뚱코알라(Lv. 3-7, 1_5_plain_pachiguri) | 뚱코알라(Lv. 3-7, 1_3_water) | 뚱코알라(Lv. 8-12, 1_6_plain_Kirin) | 뚱코알라(Lv. 13-14, 1_7_plain_Pekodon) | 뚱코알라(Lv. 3-7, PvP_21_1_1) | 뚱코알라(Lv. 4-6, PvP_21_2_1) | 3일 밤을 뜬 눈으로 지샌 뚱코알라(Lv. 10-13, 구릉 동굴, 외딴 섬의 동굴) | 뚱코알라(Lv. 6-9, 구릉 동굴, 외딴 섬의 동굴) | 뚱코알라(Lv. 40-45, sakurajima_6_4_Grave) | 뚱코알라(암흑의 알, Sakurajima_grade_01) | 뚱코알라(Lv. 30-35, Captured Cage: Sakurajima1) | 뚱코알라(Lv. 50-50, 습격 25-99)",15
18,밀피,도로롱보다 털의 품질이 좋고 도로롱보다 가축으로 삼기 좋은 성격이다. 하지만 역사적으로는 항상 애완용 팰로 사육되어 왔다. 역시 귀여운 게 최고다.,무속성,푹신푹신 양털,보유하고 있는 동안 무속성 팰의 공격력이 증가한다. 가축 목장에 배치하면 양털을 떨어뜨리기도 한다.,,0,1,XS,1,70,150,100,70,75,100,100,1.3,50,1455,1420,평범한 알,WoolFox,20,40,300,450,170,3100-3782,441-543,415-525,"Lv.1 공기 대포(무속성, 25파워, 2초) | Lv.7 모래 돌풍(땅 속성, 40파워, 4초) | Lv.15 스파크 샷(번개 속성, 30파워, 2초) | Lv.22 파워 샷(무속성, 35파워, 4초) | Lv.30 전기 파장(번개 속성, 40파워, 4초) | Lv.40 파워 폭탄(무속성, 70파워, 15초) | Lv.50 전기 볼트(번개 속성, 150파워, 55초)",7,,0,"양털(1-2, 100%)",1,채집(LV.1) | 목장(LV.1),2,너무나 사랑스러운 털 뭉치 밀피 | 밀피,2,"밀피(Lv. 2-4, 1_3_plain_kitsunbi) | 밀피(Lv. 2-4, 1_4_plain_fox) | 밀피(Lv. 12-14, 1_15_plain_mopking) | 밀피(Lv. 2-5, PvP_21_1_1) | 너무나 사랑스러운 털 뭉치 밀피(Lv. 10-13, 구릉 동굴, 외딴 섬의 동굴) | 밀피(Lv. 6-9, 구릉 동굴, 외딴 섬의 동굴)",6
19,몽마둥이,마음에 드는 상대를 깊은 잠에 빠뜨려 행복한 꿈을 꾸게 해준다. 죽을 때까지 잠에서 깰 일은 절대 없다.,어둠,꿈빛 체이서,보유하고 있는 동안 플레이어 가까이에 출현한다. 플레이어의 공격에 맞춰 마탄으로 추격한다.,몽마둥이의 목걸이,8,1,XS,1,70,225,100,75,60,100,100,1.0,50,1230,1330,암흑의 알,DreamDemon,70,140,300,550,220,3100-3782,465-575,342-430,"Lv.1 암흑구(어둠 속성, 40파워, 4초) | Lv.7 독 사격(어둠 속성, 30파워, 2초) | Lv.15 그림자 폭발(어둠 속성, 55파워, 10초) | Lv.22 서리 낀 입김(얼음 속성, 90파워, 22초) | Lv.30 유령의 불꽃(어둠 속성, 75파워, 16초) | Lv.40 악몽의 구체(어둠 속성, 100파워, 30초) | Lv.50 어둠의 레이저(어둠 속성, 150파워, 55초)",7,,0,"독샘(1, 100%) | 작은 팰 영혼(1, 1%)",2,수작업(LV.1) | 채집(LV.1) | 운반(LV.1),3,꿈 포식자 몽마둥이 | 몽마둥이,2,"몽마둥이(Lv. 4-7, 1_1_plain_begginer) | 몽마둥이(Lv. 3-6, 1_3_plain_kitsunbi) | 몽마둥이(Lv. 3-6, 1_4_plain_fox) | 몽마둥이(Lv. 3-7, 1_5_plain_pachiguri) | 몽마둥이(Lv. 4-6, PvP_21_2_1) | 몽마둥이(Lv. 5-10, 구릉 동굴, 외딴 섬의 동굴) | 꿈 포식자 몽마둥이(Lv. 10-13, 구릉 동굴, 외딴 섬의 동굴) | 몽마둥이(Lv. 12-15, 계곡의 동굴) | 몽마둥이(Lv. 5-10, 구릉 동굴) | 몽마둥이(암흑의 알, grass_grade_01)",10
20,돌진돼지,"굉장히 호전적으로 힘 차이를 계산한 뒤 상대에게 달려든다. 몸집이 작은 팰이지만, 무시무시한 돌진력은 큰 바위도 날릴 기세다.",땅,돌대가리,등에 타고 이동할 수 있다. 탑승 중 바위 파괴 효율이 향상된다.,돌진돼지의 안장,6,1,S,1,80,225,100,70,70,100,100,1.0,50,1130,1680,거친 느낌의 알,Boar,70,150,500,800,300,3425-4205,441-543,391-493,"Lv.1 멧돼지 돌진(무속성, 55파워, 2초) | Lv.7 모래 돌풍(땅 속성, 40파워, 4초) | Lv.15 파워 샷(무속성, 35파워, 4초) | Lv.22 바위 폭발(땅 속성, 55파워, 10초) | Lv.30 파워 폭탄(무속성, 70파워, 15초) | Lv.40 바위 창(땅 속성, 150파워, 55초) | Lv.50 팰 폭발(무속성, 150파워, 55초)",7,,0,"돌진돼지의 살코기(1-2, 100%) | 가죽(1, 100%) | 뼈(1, 100%)",3,채굴(LV.1),1,숲의 무법자 돌진돼지 | 돌진돼지,2,"돌진돼지(Lv. 3-6, 1_4_plain_fox) | 돌진돼지(Lv. 2-5, PvP_21_1_1) | 돌진돼지(Lv. 2-5, PvP_21_2_1) | 숲의 무법자 돌진돼지(Lv. 10-13, 구릉 동굴, 외딴 섬의 동굴) | 돌진돼지(Lv. 6-9, 구릉 동굴, 외딴 섬의 동굴) | 돌진돼지(Lv. 15-25, Captured Cage: Forest1)",6
21,루나티,밤길에 루나티의 털을 발견했다면 줍지 말고 그대로 두는 게 좋다. 그 털은 밝지 않는 밤으로 향하는 편도 티켓이다.,어둠,쿨한 새침데기,함께 싸우는 동안 플레이어의 공격이 어둠 속성으로 변화한다.,,0,1,XS,6,75,150,70,85,70,100,140,1.0,50,1180,1480,암흑의 대형 알,NightFox,30,60,300,500,164,3262-3993,514-638,391-493,"Lv.1 공기 대포(무속성, 25파워, 2초) | Lv.7 암흑구(어둠 속성, 40파워, 4초) | Lv.15 그림자 폭발(어둠 속성, 55파워, 10초) | Lv.22 파워 폭탄(무속성, 70파워, 15초) | Lv.30 유령의 불꽃(어둠 속성, 75파워, 16초) | Lv.40 악몽의 구체(어둠 속성, 100파워, 30초) | Lv.50 어둠의 레이저(어둠 속성, 150파워, 55초)",7,,0,"가죽(1, 100%) | 작은 팰 영혼(1, 40%)",2,채집(LV.1),1,밤의 귀공자 루나티 | 루나티,2,"루나티(Lv. 5-7, 1_1_plain_begginer) | 루나티(Lv. 5-7, 1_2_plain_grass) | 루나티(Lv. 5-6, 1_3_plain_kitsunbi) | 루나티(Lv. 5-6, 1_4_plain_fox) | 루나티(Lv. 11-12, 1_5_plain_pachiguri) | 루나티(Lv. 3-7, PvP_21_1_1) | 루나티(Lv. 3-7, PvP_21_2_1) | 루나티(Lv. 12-15, 계곡의 동굴) | 밤의 귀공자 루나티(Lv. 17-19, 계곡의 동굴) | 루나티(암흑의 대형 알, grass_grade_01) | 루나티(Lv. 1-10, Captured Cage: Grass) | 루나티(Lv. 10-20, Captured Cage: Grass2) | 루나티(Lv. 15-25, Captured Cage: Forest1)",13
22,두더비,커다란 발톱은 다이아몬드처럼 단단하지만 발톱 손질에 힘을 너무 쏟은 나머지 그대로 지쳐 하루를 마감하기도 한다.,땅,광석 탐지,발동하면 미세한 진동을 발신해 가까이 있는 광석의 위치를 탐지할 수 있다.,,0,1,XS,1,65,150,100,80,50,100,100,1.0,50,1220,1360,거친 느낌의 알,CuteMole,30,60,300,550,240,2937-3571,490-607,293-366,"Lv.1 모래 돌풍(땅 속성, 40파워, 4초) | Lv.7 파워 샷(무속성, 35파워, 4초) | Lv.15 바위 폭발(땅 속성, 55파워, 10초) | Lv.22 바위 대포(땅 속성, 70파워, 15초) | Lv.30 파워 폭탄(무속성, 70파워, 15초) | Lv.40 모래 폭풍(땅 속성, 80파워, 18초) | Lv.50 바위 창(땅 속성, 150파워, 55초)",7,,0,"가죽(1-2, 100%)",1,수작업(LV.1) | 채굴(LV.1) | 운반(LV.1),3,땅속의 탐구자 두더비 | 두더비,2,"두더비(Lv. 14-17, 1_8_plain_dessert) | 두더비(Lv. 24-30, 4_2_dessert_1) | 두더비(Lv. 5-10, 구릉 동굴, 외딴 섬의 동굴) | 땅속의 탐구자 두더비(Lv. 10-13, 구릉 동굴, 외딴 섬의 동굴) | 두더비(Lv. 6-9, 구릉 동굴, 외딴 섬의 동굴) | 두더비(Lv. 12-15, 계곡의 동굴) | 두더비(Lv. 30-34, 화산 동굴) | 땅속의 탐구자 두더비(Lv. 37-40, 모래 언덕 동굴, 화산 동굴) | 두더비(Lv. 33-36, 모래 언덕 동굴, 화산 동굴) | 두더비(Lv. 5-10, 구릉 동굴) | 두더비(거친 느낌의 알, grass_grade_01) | 두더비(거친 느낌의 알, desert_grade_01) | 두더비(Lv. 1-10, Captured Cage: Grass) | 두더비(Lv. 20-30, Captured Cage: Desert1)",14
23,고스문,적에 머리에 달라붙어 내용물을 쪽쪽 빨아먹는다. 팰의 미라가 드물게 발견되는데 대개 고스문에게 희생된 팰이다.,"어둠, 물",오징어튀김,보유하고 있는 동안 글라이더의 성능이 변화한다. 활공 중 느린 속도로 장시간 이동이 가능해진다.,고스문의 장갑,9,1,XS,1,60,225,100,60,70,100,100,1.0,50,1290,1200,암흑의 알,NegativeOctopus,60,120,400,550,260,2775-3360,392-480,391-493,"Lv.1 워터 제트(물 속성, 30파워, 2초) | Lv.7 독 사격(어둠 속성, 30파워, 2초) | Lv.15 암흑구(어둠 속성, 40파워, 4초) | Lv.22 그림자 폭발(어둠 속성, 55파워, 10초) | Lv.30 산성비(물 속성, 80파워, 18초) | Lv.40 악몽의 구체(어둠 속성, 100파워, 30초) | Lv.50 어둠의 레이저(어둠 속성, 150파워, 55초)",7,,0,"독샘(2-4, 100%) | 고스문의 촉수(1, 50%)",2,관개(LV.1) | 채집(LV.1) | 운반(LV.2),3,어떤 감정도 없는 고스문 | 고스문,2,"고스문(Lv. 5-10, 구릉 동굴, 외딴 섬의 동굴) | 어떤 감정도 없는 고스문(Lv. 10-13, 구릉 동굴, 외딴 섬의 동굴) | 고스문(Lv. 6-9, 구릉 동굴, 외딴 섬의 동굴) | 고스문(Lv. 5-10, 구릉 동굴) | 고스문(Lv. 11-18, 낚시터 Small 9.89%)",5
24,냐옹테트,단단한 꼬리 조직은 잘라도 그대로이다. 그 꼬리가 재물을 불러온다는 미신이 성행해 대량의 냐옹테트가 목숨을 잃었다.,어둠,금화 수집,가축 목장에 배치하면 지면에서 금화를 파내기도 한다.,,0,1,XS,1,70,100,70,60,70,100,100,1.0,50,1480,1000,암흑의 알,Bastet,52,105,475,550,317,3100-3782,392-480,391-493,"Lv.1 모래 돌풍(땅 속성, 40파워, 4초) | Lv.7 암흑구(어둠 속성, 40파워, 4초) | Lv.15 그림자 폭발(어둠 속성, 55파워, 10초) | Lv.22 모래 폭풍(땅 속성, 80파워, 18초) | Lv.30 유령의 불꽃(어둠 속성, 75파워, 16초) | Lv.40 악몽의 구체(어둠 속성, 100파워, 30초) | Lv.50 어둠의 레이저(어둠 속성, 150파워, 55초)",7,,0,"금화(100-200, 50%)",1,목장(LV.1),1,고귀한 광채의 냐옹테트 | 냐옹테트 | 칠테트,3,"냐옹테트(Lv. 5-10, 구릉 동굴, 외딴 섬의 동굴) | 고귀한 광채의 냐옹테트(Lv. 10-13, 구릉 동굴, 외딴 섬의 동굴) | 냐옹테트(Lv. 6-9, 구릉 동굴, 외딴 섬의 동굴) | 냐옹테트(Lv. 12-15, 계곡의 동굴) | 냐옹테트(Lv. 5-10, 구릉 동굴) | 냐옹테트(암흑의 알, grass_grade_02) | 냐옹테트(Lv. 15-25, Captured Cage: Forest1)",7
25,루미카이트,바람을 타고 자유로이 여행한다. 도착한 곳에서 파트너를 발견하면 이들의 여행도 끝이 난다.,물,실바람 글라이더,보유하고 있는 동안 글라이더의 성능이 변화한다. 활공 중 빠른 속도로 장시간 이동이 가능해진다.,루미카이트의 장갑,7,1,M,3,80,225,100,70,80,100,100,1.1,50,870,2860,축축한 알,FlyingManta,30,150,550,700,350,3425-4205,441-543,440-557,"Lv.1 워터 제트(물 속성, 30파워, 2초) | Lv.7 아쿠아 샷(물 속성, 40파워, 4초) | Lv.15 파워 샷(무속성, 35파워, 4초) | Lv.22 버블 샷(물 속성, 65파워, 13초) | Lv.30 씨앗 기관총(풀 속성, 50파워, 9초) | Lv.40 물폭탄(물 속성, 100파워, 30초) | Lv.50 하이드로 스트림(물 속성, 150파워, 55초)",7,,0,"팰의 체액(1-2, 100%)",1,관개(LV.1) | 운반(LV.1),2,하늘을 헤엄치는 물고기 루미카이트 | 루미카이트,2,"루미카이트(Lv. 2-4, 1_3_water) | 루미카이트(Lv. 9-12, 1_11_plain_Kelpee) | 하늘을 헤엄치는 물고기 루미카이트(Lv. 10-13, 구릉 동굴, 외딴 섬의 동굴) | 루미카이트(Lv. 6-9, 구릉 동굴, 외딴 섬의 동굴) | 루미카이트(축축한 알, grass_grade_02) | 루미카이트(축축한 알, grass_grade_01) | 루미카이트(Lv. 11-18, 낚시터 Small 9.89%)",7
26,다크울프,인간과 접촉이 뜸해진 지 오래지만 다크울프 무리의 수렵 체계는 일찍이 인간과 함께했던 사냥이 그 뿌리다.,무속성,질주 본능,등에 타고 이동할 수 있다. 탑승 중의 이동 속도가 조금 빠른 것이 특징이다.,다크울프의 마구,9,1,S,2,80,225,110,90,75,100,100,1.0,50,1060,1920,평범한 알,Garm,90,180,800,1050,460,3425-4205,538-670,415-525,"Lv.1 와일드 팽(무속성, 45파워, 2초) | Lv.7 모래 돌풍(땅 속성, 40파워, 4초) | Lv.15 공기 대포(무속성, 25파워, 2초) | Lv.22 파워 샷(무속성, 35파워, 4초) | Lv.30 파이어 샷(화염 속성, 30파워, 2초) | Lv.40 파워 폭탄(무속성, 70파워, 15초) | Lv.50 팰 폭발(무속성, 150파워, 55초)",7,,0,"가죽(1-2, 100%) | 루비(1, 3%) | 금화(10-20, 3%)",3,채집(LV.1),1,초원의 사냥꾼 다크울프 | 다크울프 | 광폭화한 다크울프,3,"다크울프(Lv. 5-10, 1_5_plain_pachiguri) | 다크울프(Lv. 10-15, 1_9_plain_SweetsSheep) | 다크울프(Lv. 12-14, 1_15_plain_mopking) | 다크울프(Lv. 4-7, PvP_21_1_1) | 다크울프(Lv. 4-7, PvP_21_2_1) | 초원의 사냥꾼 다크울프(Lv. 10-13, 구릉 동굴, 외딴 섬의 동굴) | 다크울프(Lv. 6-9, 구릉 동굴, 외딴 섬의 동굴) | 다크울프(평범한 알, grass_grade_01) | 다크울프(Lv. 3-3, 습격 6-9)",9
27,알록새,폭발하는 알을 낳는 공포의 팰. 보통 엉덩이에서 발사하는 알을 무기로 삼지만 궁지에 몰리면 자기 몸까지 터뜨린다.,무속성,알 폭탄 발사기,발동하면 폭발하는 알을 낳는 발사기로 변하여 플레이어에게 장착된다.,기술18,18,1,S,1,60,150,80,75,70,100,70,1,50,1340,1090,평범한 알,ColorfulBird,30,60,300,550,170,2775 – 3360,465 – 575,391 – 493,"자폭(무속성, 230파워, 55초) | 공기 대포(무속성, 25파워, 2초) | 파워 샷(무속성, 35파워, 4초) | 메가톤 자폭(무속성, 500파워, 55초) | 모래 폭풍(땅 속성, 80파워, 18초) | 파워 폭탄(무속성, 70파워, 15초) | 팰 폭발(무속성, 150파워, 55초)",7,,0,"화약(1, 100%) | 알록새 날개(1, 50%)",2,채집(LV.1),1,폭발이야말로 내 운명 알록새 | 알록새,2,알록새(Lv. 11–14) | 알록새(Lv. 25–29) | 폭발이야말로 내 운명 알록새(Lv. 17–19),3
28,토푸리,식물이 많은 곳을 좋아하지만 최근 토푸리 무리에게 꽃가루 알레르기가 유행하는 듯하다.,풀 속성,도우미 토끼,보유하고 있는 동안 플레이어 가까이에 출현한다. 자동으로 가까이 있는 아이템을 주우러 간다.,기술17,17,1,XS,1,75,225,100,65,70,100,100,1,50,1280,1220,신록의 알,FlowerRabbit,100,100,400,550,250,3262 – 3993,416 – 511,391 – 493,"바람의 칼날(풀 속성, 30파워, 2초) | 공기 대포(무속성, 25파워, 2초) | 워터 제트(물 속성, 30파워, 2초) | 씨앗 기관총(풀 속성, 50파워, 9초) | 버블 샷(물 속성, 65파워, 13초) | 초록 폭풍(풀 속성, 80파워, 18초) | 태양 폭발(풀 속성, 150파워, 55초)",7,,0,"하급 의약품(1, 20%) | 밀 씨(1, 100%) | 감자 종자(1, 50%)",3,파종(LV.1) | 수작업(LV.1) | 채집(LV.1) | 제약(LV.1) | 운반(LV.1),5,꽃밭의 아이돌 토푸리 | 토푸리,2,토푸리(Lv. 15–16) | 꽃밭의 아이돌 토푸리(Lv. 27–29),2
29,밀카우,대충 풀어놓기만 해도 수도꼭지처럼 우유가 쏟아진다. 수컷도 우유가 나온다. 그야말로 생명의 신비다.,무속성,우유 생산,가축 목장에 배치하면 가끔씩 우유을(를) 생산하기도 한다.,,0,1,S,2,90,225,100,50,80,100,100,1,20,910,2620,평범한 알,CowPal,55,55,580,700,317,3750 – 4627,343 – 416,440 – 557,"파워 샷(무속성, 35파워, 4초) | 모래 돌풍(땅 속성, 40파워, 4초) | 공기 대포(무속성, 25파워, 2초) | 바위 폭발(땅 속성, 55파워, 10초) | 바위 대포(땅 속성, 70파워, 15초) | 파워 폭탄(무속성, 70파워, 15초) | 팰 폭발(무속성, 150파워, 55초)",7,,0,"밀카우의 살코기(2–3, 100%) | 우유(1, 100%)",2,목장(LV.1),1,A++등급 한우 밀카우 | 밀카우,2,밀카우(Lv. 10–13) | A++등급 한우 밀카우(Lv. 17–19),2
30,가시공주,가시엔 독이 있어 찔리면 위험하다. 귀요비 하고 사이 좋게 꿀을 빨 때만큼은 얼굴이 밝아진다.,풀 속성,공주님의 시선,보유하고 있는 동안 풀 속성 팰의 공격력이 증가한다.,,0,1,S,1,80,350,80,80,80,100,100,1,50,1320,1140,신록의 알,LittleBriarRose,50,100,400,550,250,3425 – 4205,490 – 607,440 – 557,"바람의 칼날(풀 속성, 30파워, 2초) | 씨앗 기관총(풀 속성, 50파워, 9초) | 얼음 미사일(얼음 속성, 30파워, 3초) | 초록 폭풍(풀 속성, 80파워, 18초) | 빙산(얼음 속성, 70파워, 15초) | 가시덩굴(풀 속성, 95파워, 25초) | 태양 폭발(풀 속성, 150파워, 55초)",7,,0,"밀 씨(1–2, 100%) | 양상추 씨(1, 50%) | 당근 씨(1, 50%)",3,파종(LV.1) | 수작업(LV.1) | 채집(LV.1) | 제약(LV.2) | 운반(LV.1),5,가시나무의 꽃 가시공주 | 가시공주,2,가시공주(Lv. 16–17) | 가시나무의 꽃 가시공주(Lv. 27–29),2
31,샤키드,먼 옛날엔 거대하고 강력한 수생 팰이었지만 육상에 적응하면서 소형화됐다. 공격받으면 화를 낸다.,물 속성,삐돌이 상어,아쿠아 샷으로 공격한다. 탑승하면 플레이어의 공격력이 증가한다.,,0,1,M,1,70,200,80,80,70,100,70,1,50,1300,1180,푸른 알,Shark,50,100,450,600,300,3100 – 3782,490 – 607,391 – 493,"아쿠아 제트(물 속성, 40파워, 4초) | 워터 제트(물 속성, 30파워, 2초) | 공기 대포(무속성, 25파워, 2초) | 버블 샷(물 속성, 65파워, 13초) | 하이드로 레이저(물 속성, 105파워, 22초) | 파워 폭탄(무속성, 70파워, 15초) | 팰 폭발(무속성, 150파워, 55초)",7,,0,"샤키드 지느러미(1, 100%)",1,급수(LV.2) | 수작업(LV.1) | 운반(LV.1),3,샤키드,1,샤키드(Lv. 16–19),1
32,건다리,거대한 팔은 강철도 찢어버릴 정도다. 높은 곳에서 떨어져도 팔 힘만으로 안전하게 착지한다.,땅 속성,하늘 그네,탑승하면 글라이더의 성능이 변한다. 상승 기류를 탈 수 있게 된다.,,0,1,L,2,110,300,100,90,80,100,70,1,50,1400,2100,암석의 알,GorillaBeast,50,100,350,500,200,4537 – 5572,563 – 694,440 – 557,"스톤 샷(땅 속성, 35파워, 4초) | 모래 돌풍(땅 속성, 40파워, 4초) | 공기 대포(무속성, 25파워, 2초) | 바위 폭발(땅 속성, 55파워, 10초) | 바위 대포(땅 속성, 70파워, 15초) | 샌드 토네이도(땅 속성, 80파워, 18초) | 지진(땅 속성, 150파워, 55초)",7,,0,"건다리의 털가죽(1, 100%)",1,수작업(LV.1) | 벌목(LV.2) | 운반(LV.2),3,건다리,1,건다리(Lv. 20–23),1
33,초판다,"믿기 힘든 괴력의 소유자. 한 번에 3,000장의 종이를 찢을 수 있다고 한다.",풀 속성,척탄 판다,탑승 가능. 탑승하면 수류탄 발사기로 공격할 수 있다.,,0,1,L,3,130,400,130,100,100,100,70,1,50,1500,3200,신록의 알,GrassPanda,50,100,400,550,250,5425 – 6662,612 – 758,538 – 683,"바람의 칼날(풀 속성, 30파워, 2초) | 씨앗 기관총(풀 속성, 50파워, 9초) | 공기 대포(무속성, 25파워, 2초) | 초록 폭풍(풀 속성, 80파워, 18초) | 가시덩굴(풀 속성, 95파워, 25초) | 파워 폭탄(무속성, 70파워, 15초) | 태양 폭발(풀 속성, 150파워, 55초)",7,,0,"대나무(1, 100%)",1,수작업(LV.1) | 벌목(LV.2) | 운반(LV.2),3,초판다,1,초판다(Lv. 24–27),1
34,캔디쉽,"전신이 설탕보다 18,000배나 달다. 혀로 핥으면 당분 과다로 기절할지도 모른다.",무속성,캔디 팝,목장에 배치하면 솜사탕을 생산한다.,,0,1,S,1,70,200,80,70,70,100,100,1,50,1200,1500,평범한 알,SweetsSheep,40,80,350,500,200,3100 – 3782,441 – 543,391 – 493,"파워 샷(무속성, 35파워, 4초) | 공기 대포(무속성, 25파워, 2초) | 버블 샷(물 속성, 65파워, 13초) | 파워 폭탄(무속성, 70파워, 15초) | 팰 폭발(무속성, 150파워, 55초)",5,,0,"솜사탕(1, 100%)",1,목장(LV.1),1,캔디쉽,1,캔디쉽(Lv. 12–15),1
35,베리고트,열매가 달린 뿔이 특징. 열매가 떨어지면 우울해한다.,풀 속성,열매 채집,보유하고 있는 동안 가끔 베리를 떨어뜨린다.,,0,1,M,2,80,250,90,75,75,100,100,1,50,1350,1800,신록의 알,BerryGoat,40,80,350,500,200,3425 – 4205,465 – 575,416 – 525,"바람의 칼날(풀 속성, 30파워, 2초) | 공기 대포(무속성, 25파워, 2초) | 씨앗 기관총(풀 속성, 50파워, 9초) | 초록 폭풍(풀 속성, 80파워, 18초) | 태양 폭발(풀 속성, 150파워, 55초)",5,,0,"베리(1, 100%) | 베리고트의 털(1, 50%)",2,파종(LV.1) | 채집(LV.1) | 목장(LV.1),3,베리고트,1,베리고트(Lv. 14–17),1
36,멜파카,털이 매우 부드럽다. 한번 만져보면 푹신한 감촉에 빠져나올 수 없다.,무속성,털파카파카,목장에 배치하면 양털을 생산한다.,,0,1,L,2,100,300,110,80,90,100,100,1,30,1450,2400,평범한 알,Alpaca,40,80,300,450,180,4212 – 5162,490 – 607,489 – 620,"파워 샷(무속성, 35파워, 4초) | 공기 대포(무속성, 25파워, 2초) | 파워 폭탄(무속성, 70파워, 15초) | 팰 폭발(무속성, 150파워, 55초)",4,,0,"양털(1–3, 100%)",1,목장(LV.1),1,멜파카,1,멜파카(Lv. 18–21),1
37,신령사슴,깊은 숲의 수호자. 자연을 파괴하는 자에게는 용서가 없다.,무속성,숲의 수호자,탑승 가능. 탑승하면 플레이어의 공격력이 증가한다.,,0,1,L,3,120,350,120,95,95,100,70,1,50,1600,3000,평범한 알,Deer,50,100,500,650,300,4900 – 6018,588 – 728,489 – 620,"파워 샷(무속성, 35파워, 4초) | 공기 대포(무속성, 25파워, 2초) | 스피릿 플레임(무속성, 75파워, 16초) | 파워 폭탄(무속성, 70파워, 15초) | 팰 폭발(무속성, 150파워, 55초)",5,,0,"신령사슴의 뿔(1, 100%)",1,벌목(LV.1),1,신령사슴,1,신령사슴(Lv. 22–25),1
38,나이트윙,밤하늘을 우아하게 나는 팰. 달빛 아래에서만 볼 수 있다고 한다.,무속성,여행의 동반자,탑승 가능. 탑승하면 이동 속도가 크게 증가한다.,,0,1,L,3,110,300,100,90,80,100,70,1,50,1550,2800,평범한 알,Eagle,50,100,400,800,500,4537 – 5572,563 – 694,440 – 557,"에어 캐논(무속성, 25파워, 2초) | 파워 샷(무속성, 35파워, 4초) | 윈드 블래스트(무속성, 55파워, 10초) | 파워 폭탄(무속성, 70파워, 15초) | 팰 폭발(무속성, 150파워, 55초)",5,,0,"나이트윙의 깃털(1, 100%)",1,,0,나이트윙,1,나이트윙(Lv. 26–29),1
39,핑토,항상 방긋방긋 웃는 얼굴로 지낸다. 가끔 까부냥의 장난으로 촉수가 묶이기도 한다. 그리고 그때만큼은 귀신의 형상으로 변하게 된다고 한다.,무속성,야무진 손재주,보유하고 있는 동안 무속성 팰의 공격력이 증가한다. 핑토가 무기 제작대나 무기 공장 등에서 일할 때 작업 효율이 향상된다.,,0,1,XS,1,75,150,100,65,70,100,100,1,50,1310,1160,평범한 알,PinkRabbit,50,100,245,350,172,3262–3993,416–511,391–493,"공기 대포(무속성, 25파워, 2초) | 파워 샷(무속성, 35파워, 4초) | 얼음 미사일(얼음 속성, 30파워, 3초) | 눈보라 스파이크(얼음 속성, 130파워, 45초) | 파워 폭탄(무속성, 70파워, 15초) | 빙산(얼음 속성, 70파워, 15초) | 팰 폭발(무속성, 150파워, 55초)",7,,0,"가죽(1, 100%) | 예쁜 꽃(1, 5%) | 핑토의 리본(1, 50%)",3,수작업(LV.1) | 채집(LV.1) | 운반(LV.1),3,반짝이는 미소 핑토 | 핑토,2,"핑토(Lv. 13–14, 1_7_plain_Pekodon) | 핑토(Lv. 7–11, 1_13_plain_PinkRabbit)",2
40,헬고트,밤에 사냥감을 잡아 자기 영역에 돌아온다. 잡힌 팰이 그 후 어떤 일을 당할지는 불 보듯 뻔하다.,화염 속성|어둠 속성,화염 발톱의 사냥꾼,발동하면 목표로 삼은 적을 향해 높은 위력의 지옥불 할퀴기로 공격한다.,,0,1,M,4,95,300,150,100,85,100,100,1,50,590,4780,열기 나는 알,Baphomet,80,160,700,960,320,3912–4838,587–733,464–588,"파이어 샷(화염 속성, 30파워, 2초) | 스피릿 파이어(화염 속성, 45파워, 7초) | 불화살(화염 속성, 55파워, 10초) | 지옥불 할퀴기(화염 속성, 70파워, 10초) | 그림자 폭발(어둠 속성, 55파워, 10초) | 화염구(화염 속성, 150파워, 55초) | 인페르노(화염 속성, 120파워, 40초)",7,,0,"뿔(1, 100%) | 가죽(1, 100%)",2,불 피우기(LV.1) | 수작업(LV.2) | 채굴(LV.1) | 운반(LV.2),4,황야의 하이에나 헬고트 | 헬고트,2,"헬고트(Lv. 27–30, 3_2_volcano_1) | 헬고트(Lv. 28–32, 3_3_volcano_1)",2
41,귀요비,가루를 흡입하면 승천하는 듯한 쾌락을 안겨준다. 단속을 강화하자는 움직임도 있지만 팰 애호 단체의 반대로 진척이 없다.,풀 속성,수수께끼의 비늘 가루,발동하면 목표로 삼은 적을 향해 독 안개로 공격한다.,,0,1,M,4,70,225,100,80,80,100,100,1,50,490,5700,신록의 알,CuteButterfly,30,150,550,700,350,3100–3782,490–607,440–557,"공기 대포(무속성, 25파워, 2초) | 바람의 칼날(풀 속성, 30파워, 2초) | 독 안개(어둠 속성, 0파워, 30초) | 모래 폭풍(땅 속성, 80파워, 18초) | 씨앗 지뢰(풀 속성, 65파워, 13초) | 초록 폭풍(풀 속성, 80파워, 18초) | 태양 폭발(풀 속성, 150파워, 55초)",7,,0,"벌꿀(1, 100%) | 양상추 씨(1, 20%) | 밀 씨(1, 20%)",3,파종(LV.2) | 제약(LV.1),2,꿈꾸는 나비의 춤 귀요비 | 귀요비,2,"귀요비(Lv. 18–20, 2_1_forest_1) | 꿈꾸는 나비의 춤 귀요비(Lv. 27–29, 시냇물 동굴)",2
42,불페르노,먼 옛날엔 육식 팰에게 사냥당하기 일쑤였다. 그 부조리에 울부짖은 불페르노 무리의 분노는 활활 타오르며 대대로 이어졌다.,화염 속성,따끈따끈 육체,등에 타고 이동할 수 있다. 탑승 중에는 따뜻하여 추위를 느끼지 않게 된다.,기술16,16,1,M,4,85,350,100,95,95,100,100,1,50,790,3520,열기 나는 알,FlameBuffalo,87,87,700,1050,343,3587–4416,563–702,513–652,"파이어 샷(화염 속성, 30파워, 2초) | 불타는 뿔(화염 속성, 50파워, 9초) | 스피릿 파이어(화염 속성, 45파워, 7초) | 불화살(화염 속성, 55파워, 10초) | 파이어 브레스(화염 속성, 70파워, 15초) | 인페르노(화염 속성, 120파워, 40초) | 화염구(화염 속성, 150파워, 55초)",7,,0,"뿔(1, 100%) | 발화 기관(2–3, 100%)",2,불 피우기(LV.2) | 벌목(LV.1),2,활활 타오르는 뿔 달린 야수 불페르노 | 불페르노,2,"불페르노(Lv. 9–13, 1_6_plain_Kirin) | 불페르노(Lv. 36–39, snow_5_2_SnowGrass)",2
43,도도롱,한없이 늘어질 때는 모든 반응이 둔해진다. 28번의 자상을 입게 되더라도 다음 날이 되어서야 이를 깨닫고 목숨을 잃는다.,땅|물,토양 개선,보유하고 있는 동안 땅 속성 팰의 공격력이 증가한다. 가축 목장에 배치하면 고급 팰 기름을 떨어뜨리기도 한다.,,0,1,M,4,100,4,100,70,95,100,100,1,50,895,4690,거친 느낌의 알,LazyCatfish,100,150,450,600,300,4075-5050,441-543,513-652,"모래 돌풍(땅속성, 40파워, 4초) | 아쿠아 샷(물속성, 40파워, 4초) | 바위 폭발(땅속성, 55파워, 10초) | 버블 샷(물속성, 65파워, 13초) | 물폭탄(물속성, 100파워, 30초) | 바위 창(땅속성, 150파워, 55초) | 하이드로 스트림(물속성, 150파워, 55초)",7,,0,"도도롱의 살코기(2, 100%) | 고급 팰 기름(1, 100%)",2,관개(LV.1) | 채굴(LV.2) | 운반(LV.1) | 목장(LV.1),4,내일부터 정말 열심히 할 도도롱 | 도도롱,2,"도도롱(Lv. 17-19, 계곡의 동굴) | 도도롱(Lv. 26-30, 3_3_volcano_1)",2
49,고릴레이지,지면을 두드리는 리듬으로 동료와 의사소통한다. 리듬에 상응하는 의미는 무리마다 다른데 그 분류는 지금도 명확하지 않다.,무속성,풀 파워 고릴라 모드,발동하면 야성의 힘을 해방해 일정 시간 고릴레이지의 공격력이 증가한다.,,0,1,S,5,90,3,110,95,90,100,100,1,50,1040,2010,평범한 대형 알,Gorilla,66,100,550,720,250,3750-4627,563-702,488-620,"모래 돌풍(땅속성, 40파워, 4초) | 파워 샷(무속성, 35파워, 4초) | 고릴라운드 콤보(무속성, 85파워, 14초) | 바위 폭발(땅속성, 55파워, 10초) | 씨앗 기관총(풀속성, 50파워, 9초) | 파워 폭탄(무속성, 70파워, 15초) | 팰 폭발(무속성, 150파워, 55초)",7,난폭함,1,"가죽(1-2, 100%) | 뼈(1, 100%)",2,수작업(LV.1) | 벌목(LV.2) | 운반(LV.3),3,빼어난 싸움꾼 고릴레이지 | 고릴레이지 | 고릴가이아,3,"고릴레이지(Lv. 22-24, 2_1_forest_3) | 고릴레이지(Lv. 22-25, 시냇물 동굴)",2
50,비나이트,퀸비나을 충실히 따르는 하인. 여왕에게 해를 끼치는 자를 철저히 배제한다. 끝내 자폭을 해서라도 여왕을 지켜낸다.,풀속성,일벌,가축 목장에 배치하면 벌꿀을 떨어뜨리기도 한다. 보유하고 있는 동안 퀸비나의 스테이터스가 상승한다.,,0,1,M,4,80,3,100,90,90,100,100,1,10,1070,1880,신록의 알,SoldierBee,125,250,450,550,350,3425-4205,538-670,488-620,"공기 대포(무속성, 25파워, 2초) | 바람의 칼날(풀속성, 30파워, 2초) | 바늘 창(풀속성, 55파워, 7초) | 벌의 침묵(풀속성, 250파워, 55초) | 독 사격(어둠속성, 30파워, 2초) | 산성비(물속성, 80파워, 18초) | 초록 폭풍(풀속성, 80파워, 18초) | 태양 폭발(풀속성, 150파워, 55초)",8,,0,"벌꿀(1-2, 100%)",1,파종(LV.1) | 수작업(LV.1) | 채집(LV.1) | 벌목(LV.1) | 제약(LV.1) | 운반(LV.2) | 목장(LV.1),7,수비대장 비나이트 | 비나이트,2,"비나이트(Lv. 20-22, 2_1_forest_3) | 비나이트(Lv. 20-23, 시냇물 동굴)",2
51,퀸비나,비나이트을 총괄하는 선택받은 여왕. 위대한 여왕을 위해 일한다는 기쁨으로 죽을 때까지 일하는 하인이 끊이지 않는다.,풀속성,여왕벌의 통솔,함께 싸우는 동안 보유하고 있는 비나이트의 개체수가 많을수록 스테이터스가 상승한다.,,0,1,L,8,90,7,100,105,100,100,100,1,10,330,6830,신록의 거대한 알,QueenBee,150,250,450,550,350,3750-4627,611-765,537-683,"공기 대포(무속성, 25파워, 2초) | 바람의 칼날(풀속성, 30파워, 2초) | 독 사격(어둠속성, 30파워, 2초) | 스피닝 스태프(풀속성, 70파워, 9초) | 초록 폭풍(풀속성, 80파워, 18초) | 가시덩굴(풀속성, 95파워, 25초) | 태양 폭발(풀속성, 150파워, 55초)",7,,0,"벌꿀(5, 100%) | 퀸비나의 지팡이(1, 3%)",2,파종(LV.2) | 수작업(LV.2) | 채집(LV.2) | 벌목(LV.1) | 제약(LV.2),5,대군의 여왕 퀸비나 | 퀸비나,2,"퀸비나(Lv. 28-29, 2_1_forest_3)",1
44,마스크로우,원래 드넓은 창공을 자유로이 날아다녔으나 질풍수리와(과) 싸움에서 패배해 하늘을 빼앗기고 밤에 숨죽인 채 살게 됐다.,어둠,원격 부리 공격,발동하면 목표로 삼은 적을 향해 높은 위력의 팬텀의 공격(으)로 공격한다.,,0,1,M,3,75,5,80,95,80,100,100,1.0,50,1080,1840,암흑의 알,Cawgnito,170,170,920,1200,545,3100–3782,563–694,440–557,공기 대포(Lv.1)|암흑구(Lv.7)|팬텀의 공격(Lv.15)|그림자 폭발(Lv.22)|유령의 불꽃(Lv.30)|악몽의 구체(Lv.40)|어둠의 레이저(Lv.50),7,,0,"뼈(2–4, 100%)|독샘(2, 100%)|작은 팰 영혼(1, 1%)",3,벌목(LV.1),1,마스크로우,1,마스크로우(Lv. 30–34),1
45,도마맨,일어선 모습에 이상한 집착을 보인다. 항상 제일 멋진 자세를 연구하며 거울을 주면 하루 종일 자세만 궁리한다.,어둠,제6감,발동하면 6번째 감각을 활용해 가까이 있는 던전의 위치를 탐지할 수 있다.,,0,1,S,2,80,3,90,80,50,100,100,1.0,50,1120,1720,암흑의 알,Leezpunk,140,140,600,800,270,3425–4205,490–607,293–366,독 사격(Lv.1)|암흑구(Lv.7)|그림자 폭발(Lv.15)|유령의 불꽃(Lv.22)|악몽의 구체(Lv.30)|파이어 브레스(Lv.40)|어둠의 레이저(Lv.50),7,,0,"구리 열쇠(1, 100%)|은 열쇠(1, 1%)|도마맨의 볏(1, 50%)",3,수작업(LV.1)|운반(LV.1)|채집(LV.1),3,도마맨,1,도마맨(Lv. 30–34),1
46,달서니,머리의 뿔은 달빛을 받아야 자란다. 태양을 못 견디는 건 아니지만 햇빛을 쬐는 동안에는 뿔이 근질거린다.,어둠,어둠 속에 번쩍이는 발톱날,발동하면 목표로 삼은 적을 향해 높은 위력의 점프 할퀴기(으)로 공격한다.,,0,1,M,3,80,5,130,100,80,100,100,1.0,50,950,2400,암흑의 알,Loupmoon,175,175,600,800,375,3425–4205,612–758,440–557,암흑구(Lv.1)|점프 할퀴기(Lv.7)|그림자 폭발(Lv.15)|얼음 칼날(Lv.22)|유령의 불꽃(Lv.30)|악몽의 구체(Lv.40)|어둠의 레이저(Lv.50),7,,0,"뼈(1, 100%)",1,수작업(LV.2),1,달서니,1,달서니(Lv. 32–36),1
47,질풍수리,사람을 낚아챈 채로도 잘 날아다닌다. 하지만 지치면 주저 없이 놓아버리므로 추락사 사고가 끊이지 않는다.,무속성,질풍의 활공,"보유하고 있는 동안 글라이더의 성능이 변화한다. 활공 속도가 증가하며, 오른손으로 사격이 가능해진다.",질풍수리의 장갑,23,1,M,2,75,4,120,85,60,100,100,1.0,50,1030,2010,평범한 알,Galeclaw,200,200,600,700,400,3262–3993,563–702,342–430,활공 할퀴기(Lv.1)|공기 대포(Lv.7)|모래 돌풍(Lv.15)|바람의 칼날(Lv.22)|모래 폭풍(Lv.30)|초록 폭풍(Lv.40)|팰 폭발(Lv.50),7,,0,"질풍수리의 살코기(1, 100%)|가죽(1, 100%)",2,채집(LV.2),1,질풍수리,1,질풍수리(Lv. 32–36),1
48,로빈몽,"숲에서 수렵 생활을 하는, 사람과 비슷한 성질의 팰. 아주 먼 옛날 사람과 다른 계통으로 갈라졌다고 여겨지며 팰의 정체를 밝혀줄 열쇠일지도 모른다.",풀,매의 눈,함께 싸우는 동안 플레이어가 약점 부위에 주는 피해량이 증가한다.,,0,1,M,5,90,3,100,105,80,100,100,1.0,50,1020,2050,신록의 알,Robinquill,100,100,600,750,400,3750–4627,611–765,440–557,바람의 칼날(Lv.1)|파워 샷(Lv.7)|스나이핑 샷(Lv.15)|씨앗 지뢰(Lv.22)|초록 폭풍(Lv.30)|가시덩굴(Lv.40)|태양 폭발(Lv.50),7,,0,"밀 씨(1–2, 50%)|화살(2–4, 100%)|감자 종자(1, 50%)",3,벌목(LV.1)|수작업(LV.2)|운반(LV.2)|파종(LV.1)|채집(LV.2)|제약(LV.1),6,로빈몽,1,로빈몽(Lv. 34–38),1
52,소름냥이,쥐구멍을 찾아다니며 무언가를 쫓고 있다. 몇 년에 걸친 관찰 결과 그것은 '소름'이라는 것이 밝혀졌다.,무속성,소름냥이의 실수,보유하고 있는 동안 무속성 팰의 공격력이 증가한다. 가끔 작업 중 아이템을 발견하기도 한다.,,0,1,S,1,60,150,100,70,70,100,100,1.1,50,1540,1460,평범한 알,Grintale,70,110,300,,,2775-3360,441-543,391-493,"공기 대포(무속성, 25파워, 2초) | 윈드 커터(풀속성, 30파워, 3초) | 파워 샷(무속성, 35파워, 4초) | 파워 폭탄(무속성, 70파워, 15초) | 코큰트 불릿(무속성, 150파워, 55초) | 윈드 블래스트(풀속성, 80파워, 12초) | 팰 폭발(무속성, 150파워, 55초)",7,,0,"양털(1, 100%) | 소름냥이의 털털털(1, 50%)",2,수작업(LV.1) | 운반(LV.1) | 채굴(LV.1),3,소름냥이,1,소름냥이(Lv. 20-22),1
53,모프링,지면을 기어 다니며 미세 유기물을 섭취한다. 영양이 없는 건 잠시 후 배출한다. 걸레라 생각하고 청소에 활용하면 서로 윈윈.,얼음,복슬복슬,보유하고 있는 동안 모프킹의 스테이터스가 상승한다.,,0,1,XS,1,60,150,100,60,60,100,100,1.1,50,1300,1180,얼어붙은 알,MopBaby,55,100,250,400,175,2775-3360,392-480,342-430,"공기 대포(무속성, 25파워, 2초) | 얼음 미사일(얼음 속성, 30파워, 3초) | 얼음 칼날(얼음 속성, 55파워, 10초) | 파워 폭탄(무속성, 70파워, 15초) | 빙산(얼음 속성, 70파워, 15초) | 서리 낀 입김(얼음 속성, 90파워, 22초) | 눈보라 스파이크(얼음 속성, 130파워, 45초)",7,,0,"양털(1, 100%) | 모프링의 솜털(1, 50%)",2,채집(LV.1) | 냉각(LV.1),2,수수께끼의 복슬복슬한 모프링 | 모프링,2,"모프링(Lv. 12-14) | 모프링(Lv. 10-12) | 모프링(Lv. 20-27) | 모프링(Lv. 14-17, 계곡의 동굴)",4
54,모프킹,동면 중엔 거대한 털 뭉치 속에 대량의 모프링이 숨어 있다. 과거 최대 기록은 무려 101마리.,얼음,복슬복슬 끝판왕,등에 타고 이동할 수 있다. 함께 싸우는 동안 보유하고 있는 모프링의 개체수가 많을수록 스테이터스가 상승한다.,모프킹 안장,14,1,L,6,100,225,100,90,90,100,100,1,50,410,6400,얼어붙은 대형 알,MopKing,60,120,650,1020,210,4075-5050,538-670,488-620,"파워 샷(무속성, 35파워, 4초) | 얼음 미사일(얼음 속성, 30파워, 3초) | 얼음 칼날(얼음 속성, 55파워, 10초) | 빙산(얼음 속성, 70파워, 15초) | 서리 낀 입김(얼음 속성, 90파워, 22초) | 팰 폭발(무속성, 150파워, 55초) | 눈보라 스파이크(얼음 속성, 130파워, 45초)",7,,0,"양털(3-5, 100%)",1,채집(LV.2) | 냉각(LV.2),2,수수께끼 복슬복슬 왕 모프킹 | 모프킹,2,"모프킹(Lv. 15-18) | 모프킹(Lv. 28-32) | 수수께끼 복슬복슬 왕 모프킹(Lv. 17-19, 계곡의 동굴)",3
55,베비뇽,몸을 둥글게 말아 엄청난 속도로 회전 이동할 수 있다. 옛날 사람들은 길들인 베비뇽에게 우유 주머니를 달아 방목하며 그 회전력으로 버터를 만들었다.,얼음|용,꿈틀꿈틀 족제비,등에 타고 이동할 수 있다. 탑승 중 플레이어의 공격이 용 속성으로 변화한다.,베비뇽 안장,13,1,M,4,90,225,100,80,80,100,100,1,50,800,3450,얼어붙은 알,WeaselDragon,100,180,750,1050,390,3750-4627,490-607,440-557,"얼음 미사일(얼음 속성, 30파워, 3초) | 용 대포(용 속성, 30파워, 2초) | 로켓 태클(용 속성, 50파워, 6초) | 용의 파장(용 속성, 55파워, 10초) | 얼음 칼날(얼음 속성, 55파워, 10초) | 용의 숨결(용 속성, 70파워, 15초) | 서리 낀 입김(얼음 속성, 90파워, 22초) | 용의 운석(용 속성, 150파워, 55초)",8,,0,"가죽(2-3, 100%)",1,채집(LV.1) | 냉각(LV.1),2,초원의 무희 베비뇽 | 베비뇽 | 천도뇽,3,"베비뇽(Lv. 20-28) | 베비뇽(Lv. 36-39) | 초원의 무희 베비뇽(Lv. 42-45, 영봉의 동굴) | 베비뇽(Lv. 39-41, 영봉의 동굴)",4
56,썬더콘,예전엔 번개 신의 사자로 여겨져 사람들이 건드리지 않았다. 하지만 낙뢰에 맞아 사망하는 모습이 목격된 뒤로 신앙이 무너지며 보이는 족족 잡혔다.,번개,질풍과 우레,등에 타고 이동할 수 있다. 탑승 중 플레이어의 공격이 번개 속성으로 변화한다.,썬더콘 안장,14,1,M,5,80,350,110,105,105,100,100,0.9,50,680,4280,찌릿찌릿한 대형 알,Kirin,80,130,720,1100,425,3425-4205,611-765,561-715,"스파크 샷(번개 속성, 30파워, 2초) | 전기 파장(번개 속성, 40파워, 4초) | 질풍뇌격(번개 속성, 60파워, 8초) | 고정식 레이저(번개 속성, 70파워, 15초) | 라인 썬더(번개 속성, 75파워, 16초) | 트라이 썬더(번개 속성, 90파워, 22초) | 번개 일격(번개 속성, 120파워, 40초) | 전기 볼트(번개 속성, 150파워, 55초)",8,,0,"가죽(2, 100%) | 발전 기관(1, 100%) | 뿔(1, 50%)",3,발전(LV.2) | 벌목(LV.1),2,질풍 우레 썬더콘 | 썬더콘,2,"썬더콘(Lv. 13-17) | 질풍 우레 썬더콘(Lv. 17-19, 계곡의 동굴) | 썬더콘(Lv. 14-17, 계곡의 동굴)",3
